GEO2_MX,ShapeID,predicted_value,ground_truth
484001001,0,41706,42055.0
484001002,1,10476,4017.0
484001003,2,15259,11992.0
484001004,3,3058,762.0
484001005,4,8084,7551.0
484001006,5,3607,7444.0
484001007,6,1964,988.0
484001008,7,4565,1446.0
484002001,8,11879,12280.0
484002002,9,17256,18977.0
484002003,10,3121,3162.0
484002004,11,53182,38455.0
484003001,12,9531,10387.0
484004001,13,239,0.0
484004002,14,1556,1863.0
484004003,15,5367,7707.0
484004004,16,0,25.0
484004005,17,68,21.0
484004006,18,0,19.0
484005001,19,0,47.0
484005002,20,3352,3482.0
484005003,21,792,953.0
484005004,22,104,955.0
484005005,23,0,14.0
484005006,24,1140,918.0
484005007,25,839,532.0
484005008,26,0,77.0
484005009,27,1543,961.0
484005010,28,1527,1559.0
484005011,29,442,92.0
484005012,30,44,86.0
484005013,31,25,37.0
484005014,32,553,447.0
484005015,33,42,40.0
484005016,34,104,61.0
484005017,35,1909,2866.0
484005018,36,7375,8020.0
484005019,37,376,396.0
484005020,38,280,884.0
484005021,39,608,188.0
484005022,40,2874,1036.0
484005023,41,350,420.0
484005024,42,1369,385.0
484005025,43,3145,5211.0
484005026,44,53,114.0
484005027,45,3127,2791.0
484005028,46,1002,1639.0
484005029,47,0,10.0
484005030,48,7513,11983.0
484005031,49,62,370.0
484005032,50,505,1034.0
484005033,51,3545,3561.0
484005034,52,42,42.0
484005035,53,17823,10372.0
484005036,54,603,562.0
484005037,55,319,192.0
484005038,56,110,190.0
484006001,57,3773,6038.0
484006002,58,7187,7328.0
484006003,59,1932,1456.0
484006004,60,2920,1503.0
484006005,61,1647,2105.0
484006006,62,1836,460.0
484006007,63,278,246.0
484006008,64,6375,4627.0
484006009,65,5808,5045.0
484007001,66,776,724.0
484007002,67,264,406.0
484007003,68,1214,1052.0
484007004,69,1765,616.0
484007005,70,42,140.0
484007006,71,1062,4568.0
484007007,72,71,11.0
484007008,73,1655,2609.0
484007009,74,624,1590.0
484007010,75,443,404.0
484007011,76,326,1943.0
484007012,77,383,88.0
484007013,78,286,240.0
484007014,79,50,44.0
484007015,80,565,1698.0
484007016,81,161,233.0
484007017,82,1490,1724.0
484007018,83,108,120.0
484007019,84,6972,4806.0
484007020,85,832,757.0
484007021,86,168,140.0
484007022,87,9,3.0
484007023,88,2997,3840.0
484007024,89,768,82.0
484007025,90,253,42.0
484007026,91,89,109.0
484007027,92,972,930.0
484007028,93,147,61.0
484007029,94,56,0.0
484007030,95,694,2159.0
484007031,96,604,346.0
484007032,97,1066,1185.0
484007033,98,50,204.0
484007034,99,1863,4164.0
484007036,100,386,394.0
484007037,101,1131,1111.0
484007038,102,157,51.0
484007039,103,403,300.0
484007040,104,2703,2312.0
484007041,105,2366,2320.0
484007042,106,43,54.0
484007043,107,108,57.0
484007044,108,67,24.0
484007045,109,88,30.0
484007046,110,480,405.0
484007047,111,121,188.0
484007048,112,332,161.0
484007049,113,116,38.0
484007050,114,78,50.0
484007051,115,2122,2042.0
484007052,116,7520,9794.0
484007053,117,375,230.0
484007056,118,325,109.0
484007057,119,1776,1783.0
484007058,120,58,9.0
484007059,121,1771,2545.0
484007060,122,43,56.0
484007061,123,981,1808.0
484007062,124,487,42.0
484007063,125,34,47.0
484007064,126,157,0.0
484007065,127,405,702.0
484007066,128,293,34.0
484007067,129,82,63.0
484007068,130,484,368.0
484007069,131,924,1474.0
484007070,132,550,309.0
484007071,133,1163,1343.0
484007072,134,116,351.0
484007073,135,172,75.0
484007074,136,580,572.0
484007075,137,638,341.0
484007076,138,84,114.0
484007077,139,150,45.0
484007078,140,3958,2197.0
484007079,141,142,753.0
484007080,142,2009,2353.0
484007081,143,106,327.0
484007082,144,34,0.0
484007083,145,738,740.0
484007084,146,84,42.0
484007085,147,86,15.0
484007086,148,232,35.0
484007088,149,122,144.0
484007089,150,5790,5717.0
484007090,151,44,107.0
484007091,152,61,69.0
484007092,153,610,459.0
484007093,154,275,115.0
484007094,155,487,644.0
484007095,156,400,456.0
484007096,157,3315,3731.0
484007097,158,97,28.0
484007098,159,2572,4767.0
484007099,160,30,155.0
484007100,161,5050,6744.0
484007102,162,515,1048.0
484007103,163,1068,1111.0
484007104,164,518,770.0
484007105,165,955,1184.0
484007106,166,816,3540.0
484007107,167,515,2721.0
484007108,168,196,92.0
484007109,169,75,0.0
484007110,170,864,247.0
484008001,171,175,304.0
484008002,172,886,1212.0
484008003,173,472,331.0
484008004,174,122,21.0
484008005,175,266,395.0
484008006,176,318,190.0
484008007,177,814,675.0
484008008,178,352,358.0
484008009,179,724,965.0
484008010,180,1079,1599.0
484008011,181,244,356.0
484008012,182,193,344.0
484008013,183,140,171.0
484008014,184,17,138.0
484008015,185,462,182.0
484008016,186,4262,8016.0
484008017,187,582,642.0
484008018,188,14230,23255.0
484008019,189,44,0.0
484008020,190,6160,4420.0
484008021,191,83,290.0
484008022,192,726,132.0
484008023,193,409,450.0
484008024,194,345,536.0
484008025,195,94,243.0
484008026,196,184,183.0
484008027,197,317,316.0
484008028,198,38,63.0
484008029,199,441,3062.0
484008030,200,5350,4159.0
484008031,201,35,26.0
484008032,202,774,717.0
484008033,203,392,417.0
484008034,204,2387,2712.0
484008035,205,51512,50247.0
484008036,206,134,296.0
484008037,207,338,302.0
484008038,208,1827,1914.0
484008039,209,0,4.0
484008040,210,150,173.0
484008041,211,385,372.0
484008042,212,283,56.0
484008043,213,3074,2261.0
484008044,214,190,86.0
484008045,215,22,64.0
484008046,216,1371,1753.0
484008047,217,156,68.0
484008048,218,3156,3584.0
484008049,219,28,63.0
484008050,220,1191,1408.0
484008051,221,232,227.0
484008052,222,324,404.0
484008053,223,1337,535.0
484008054,224,1038,215.0
484008055,225,292,122.0
484008056,226,17,41.0
484008057,227,34,150.0
484008058,228,46,125.0
484008059,229,154,108.0
484008060,230,438,1530.0
484008061,231,88,63.0
484008062,232,80,146.0
484008063,233,35,104.0
484008064,234,43,0.0
484008065,235,184,294.0
484009001,236,105524,109663.0
484009002,237,41926,43052.0
484009003,238,8097,4774.0
484009004,239,1981,1406.0
484009005,240,4562,6890.0
484009006,241,15904,16478.0
484010001,242,7156,5348.0
484010002,243,123,154.0
484010003,244,1994,905.0
484010004,245,1163,1607.0
484010005,246,15219,31227.0
484010006,247,1270,1011.0
484010007,248,3811,7400.0
484010008,249,1693,3163.0
484010009,250,196,262.0
484010010,251,374,155.0
484010011,252,775,340.0
484010012,253,5391,5030.0
484010013,254,2217,1908.0
484010014,255,596,777.0
484010015,256,1929,804.0
484010016,257,1128,1907.0
484010017,258,777,561.0
484010018,259,726,589.0
484010019,260,327,304.0
484010020,261,1939,1856.0
484010021,262,602,581.0
484010022,263,1518,4007.0
484010023,264,803,580.0
484010024,265,1262,771.0
484010025,266,242,211.0
484010026,267,273,400.0
484010027,268,1523,694.0
484010028,269,2314,967.0
484010029,270,252,198.0
484010030,271,359,229.0
484010031,272,2494,826.0
484010032,273,1285,4817.0
484010033,274,3407,250.0
484010034,275,309,1450.0
484010035,276,780,643.0
484010036,277,1020,634.0
484010037,278,240,314.0
484010038,279,1406,1340.0
484011001,280,16950,13986.0
484011002,281,7942,15585.0
484011003,282,25591,26746.0
484011004,283,18969,16976.0
484011005,284,9445,11875.0
484011006,285,111,843.0
484011007,286,28348,26943.0
484011008,287,11908,10752.0
484011009,288,9154,14314.0
484011010,289,2363,2668.0
484011011,290,8296,7572.0
484011012,291,5282,5750.0
484011013,292,6605,5642.0
484011014,293,43992,38016.0
484011015,294,14650,11079.0
484011016,295,2569,6810.0
484011017,296,40508,30115.0
484011018,297,1859,3457.0
484011019,298,20161,23483.0
484011020,299,62037,77116.0
484011021,300,5634,5866.0
484011022,301,5317,4293.0
484011023,302,10693,13597.0
484011024,303,3748,2224.0
484011025,304,7756,6183.0
484011026,305,1886,5908.0
484011027,306,16977,16133.0
484011028,307,7107,6586.0
484011029,308,22121,15494.0
484011030,309,40175,31486.0
484011031,310,13207,12824.0
484011032,311,3246,7417.0
484011033,312,17074,21242.0
484011034,313,1520,1053.0
484011035,314,1716,11083.0
484011036,315,1344,1416.0
484011037,316,22324,20349.0
484011038,317,2092,1320.0
484011039,318,3831,5867.0
484011040,319,3573,3323.0
484011041,320,4217,2322.0
484011042,321,11516,16563.0
484011043,322,4175,4289.0
484011044,323,2140,2676.0
484011045,324,4697,3931.0
484011046,325,9951,8542.0
484012001,326,27097,27439.0
484012002,327,2955,3623.0
484012003,328,5136,4211.0
484012004,329,6028,4955.0
484012005,330,1298,1194.0
484012006,331,1602,1103.0
484012007,332,3595,2744.0
484012008,333,344,450.0
484012009,334,208,552.0
484012010,335,2920,1700.0
484012011,336,2690,5464.0
484012012,337,4448,6329.0
484012013,338,4206,3612.0
484012014,339,1363,967.0
484012015,340,659,943.0
484012016,341,1020,812.0
484012017,342,3114,1812.0
484012018,343,3633,1315.0
484012019,344,1006,1197.0
484012020,345,850,1196.0
484012021,346,3932,3464.0
484012022,347,1974,1904.0
484012023,348,1864,1949.0
484012024,349,712,436.0
484012025,350,982,507.0
484012026,351,1370,1554.0
484012027,352,2934,2710.0
484012028,353,8349,12400.0
484012029,354,6293,7128.0
484012030,355,3621,2202.0
484012031,356,764,784.0
484012032,357,1938,1660.0
484012033,358,498,1418.0
484012034,359,3853,3350.0
484012035,360,11166,6765.0
484012036,361,333,526.0
484012037,362,2499,1188.0
484012038,363,6318,5576.0
484012039,364,826,1140.0
484012040,365,1265,1218.0
484012041,366,3344,2097.0
484012042,367,3100,2218.0
484012043,368,5209,3284.0
484012044,369,490,651.0
484012045,370,5964,1728.0
484012046,371,5829,4719.0
484012047,372,1553,1458.0
484012048,373,2390,1669.0
484012049,374,913,1074.0
484012050,375,2069,1402.0
484012051,376,1241,1791.0
484012052,377,4154,2604.0
484012053,378,3882,3201.0
484012054,379,2167,1702.0
484012055,380,5888,6348.0
484012056,381,4955,1942.0
484012057,382,3146,3446.0
484012058,383,7767,6251.0
484012059,384,2223,2568.0
484012060,385,565,1977.0
484012061,386,1265,992.0
484012062,387,3187,2609.0
484012063,388,268,329.0
484012064,389,770,912.0
484012065,390,663,1832.0
484012066,391,7822,7956.0
484012067,392,1911,2385.0
484012068,393,5960,2098.0
484012069,394,864,912.0
484012070,395,1060,1584.0
484012071,396,638,756.0
484012072,397,684,1564.0
484012073,398,1220,1774.0
484012074,399,1321,1360.0
484013001,400,3787,3860.0
484013002,401,2494,2358.0
484013003,402,3897,4346.0
484013004,403,221,1032.0
484013005,404,1002,1360.0
484013006,405,2208,2533.0
484013007,406,608,738.0
484013008,407,1272,1915.0
484013009,408,2198,983.0
484013010,409,648,892.0
484013011,410,349,109.0
484013012,411,2217,3711.0
484013013,412,511,496.0
484013014,413,749,854.0
484013015,414,1846,3536.0
484013016,415,4379,4445.0
484013017,416,413,880.0
484013018,417,1165,3547.0
484013019,418,3335,4096.0
484013020,419,330,407.0
484013021,420,272,340.0
484013022,421,332,681.0
484013023,422,2708,3247.0
484013024,423,2402,3515.0
484013025,424,699,802.0
484013026,425,424,244.0
484013027,426,1488,1140.0
484013028,427,502,2138.0
484013029,428,4480,4051.0
484013030,429,9187,11645.0
484013031,430,3408,2763.0
484013032,431,221,442.0
484013033,432,240,363.0
484013034,433,378,499.0
484013035,434,1813,1703.0
484013036,435,845,1264.0
484013037,436,2065,3551.0
484013038,437,219,448.0
484013039,438,470,884.0
484013040,439,2323,2144.0
484013041,440,4474,3148.0
484013042,441,244,797.0
484013043,442,1740,2004.0
484013044,443,1003,892.0
484013045,444,955,942.0
484013046,445,568,351.0
484013047,446,619,1679.0
484013048,447,8312,4681.0
484013049,448,3083,4354.0
484013050,449,2644,2476.0
484013051,450,1576,1493.0
484013052,451,988,1373.0
484013053,452,3483,1893.0
484013054,453,1914,1813.0
484013055,454,2914,1914.0
484013056,455,1145,1229.0
484013057,456,3053,5896.0
484013058,457,6554,5605.0
484013059,458,1795,2772.0
484013060,459,1046,1967.0
484013061,460,1062,2344.0
484013062,461,1765,2786.0
484013063,462,102,497.0
484013064,463,1189,1697.0
484013065,464,433,192.0
484013066,465,1864,3790.0
484013067,466,435,2033.0
484013068,467,1008,2214.0
484013069,468,373,2288.0
484013070,469,342,723.0
484013071,470,1715,2507.0
484013072,471,823,849.0
484013073,472,672,744.0
484013074,473,2921,2788.0
484013075,474,6421,9927.0
484013076,475,93,61.0
484013077,476,99,244.0
484013078,477,245,505.0
484013079,478,1282,2865.0
484013080,479,957,1134.0
484013081,480,407,1356.0
484013082,481,6379,6960.0
484014001,482,1563,2453.0
484014002,483,2278,1980.0
484014003,484,2405,1797.0
484014004,485,698,798.0
484014005,486,746,606.0
484014006,487,4448,4877.0
484014007,488,1477,1384.0
484014008,489,9604,6553.0
484014009,490,1273,982.0
484014010,491,831,554.0
484014011,492,898,490.0
484014012,493,1009,604.0
484014013,494,3133,2089.0
484014014,495,284,893.0
484014015,496,2143,2879.0
484014016,497,4140,3853.0
484014017,498,714,1248.0
484014018,499,5008,5270.0
484014019,500,210,194.0
484014020,501,419,153.0
484014021,502,727,1357.0
484014022,503,866,700.0
484014023,504,5688,4424.0
484014024,505,1411,2672.0
484014025,506,2022,1767.0
484014026,507,521,609.0
484014027,508,758,760.0
484014028,509,374,484.0
484014029,510,1774,2690.0
484014030,511,2100,2188.0
484014031,512,137,428.0
484014032,513,869,615.0
484014033,514,5293,5423.0
484014034,515,216,72.0
484014035,516,6369,6584.0
484014036,517,829,1081.0
484014037,518,811,875.0
484014038,519,863,356.0
484014039,520,42865,41599.0
484014040,521,920,545.0
484014041,522,1921,932.0
484014042,523,2583,768.0
484014043,524,1642,1930.0
484014044,525,861,1057.0
484014045,526,3990,2868.0
484014046,527,5215,3721.0
484014047,528,2003,1954.0
484014048,529,2090,3760.0
484014049,530,654,1047.0
484014050,531,4286,2913.0
484014051,532,429,622.0
484014052,533,269,540.0
484014053,534,27581,20245.0
484014054,535,287,308.0
484014055,536,1014,1486.0
484014056,537,241,359.0
484014057,538,1120,536.0
484014058,539,818,1218.0
484014059,540,1614,1336.0
484014060,541,1187,1148.0
484014061,542,403,376.0
484014062,543,631,403.0
484014063,544,5529,3484.0
484014064,545,11405,6480.0
484014065,546,677,1052.0
484014066,547,3605,4631.0
484014067,548,7147,6152.0
484014068,549,1449,1624.0
484014069,550,1201,1398.0
484014070,551,4431,4005.0
484014071,552,196,503.0
484014072,553,4763,1398.0
484014073,554,7473,5471.0
484014074,555,3291,2643.0
484014075,556,2017,95.0
484014076,557,244,165.0
484014077,558,2319,1863.0
484014078,559,4246,3657.0
484014079,560,880,1028.0
484014080,561,903,534.0
484014081,562,646,393.0
484014082,563,2027,2809.0
484014083,564,3269,2958.0
484014084,565,722,970.0
484014085,566,821,3488.0
484014086,567,1378,845.0
484014087,568,2473,1756.0
484014088,569,292,977.0
484014089,570,208,291.0
484014090,571,1138,408.0
484014091,572,11070,8890.0
484014092,573,1606,761.0
484014093,574,13701,12948.0
484014094,575,1763,2347.0
484014095,576,920,851.0
484014096,577,2108,2528.0
484014097,578,8275,7924.0
484014098,579,12435,21349.0
484014099,580,4674,1596.0
484014100,581,3095,2117.0
484014101,582,8881,21586.0
484014102,583,457,612.0
484014103,584,381,334.0
484014104,585,198,710.0
484014105,586,2499,2918.0
484014106,587,544,184.0
484014107,588,427,548.0
484014108,589,762,1118.0
484014109,590,2400,2700.0
484014110,591,2000,1301.0
484014111,592,658,630.0
484014112,593,1617,1004.0
484014113,594,513,1489.0
484014114,595,979,1097.0
484014115,596,503,527.0
484014116,597,2903,3417.0
484014117,598,1646,457.0
484014118,599,2758,2703.0
484014119,600,396,2119.0
484014120,601,51302,49990.0
484014121,602,1793,1377.0
484014122,603,107,692.0
484014123,604,1670,1412.0
484014124,605,7921,5392.0
484015001,606,3928,3746.0
484015002,607,4026,3444.0
484015003,608,610,443.0
484015004,609,5150,1061.0
484015005,610,3753,2878.0
484015006,611,367,702.0
484015007,612,455,408.0
484015008,613,2693,2198.0
484015009,614,555,745.0
484015010,615,532,396.0
484015011,616,85775,90027.0
484015012,617,436,393.0
484015013,618,10547,7925.0
484015014,619,4132,2296.0
484015015,620,2383,2132.0
484015016,621,226,423.0
484015017,622,0,207.0
484015018,623,531,591.0
484015019,624,1011,604.0
484015020,625,3494,3596.0
484015021,626,1824,6338.0
484015022,627,114,61.0
484015023,628,680,415.0
484015024,629,26565,27058.0
484015025,630,10527,17904.0
484015026,631,2169,567.0
484015027,632,15,85.0
484015028,633,328,101.0
484015029,634,3454,3468.0
484015030,635,919,71.0
484015031,636,823,810.0
484015032,637,22,432.0
484015033,638,1698,443.0
484015034,639,983,785.0
484015035,640,5159,3912.0
484015036,641,0,171.0
484015037,642,6105,13325.0
484015038,643,5991,5064.0
484015039,644,283,540.0
484015040,645,5164,5371.0
484015041,646,424,422.0
484015042,647,2361,457.0
484015043,648,1757,1710.0
484015044,649,211,146.0
484015045,650,2466,2055.0
484015046,651,4015,4120.0
484015047,652,300,1291.0
484015048,653,391,468.0
484015049,654,2681,1458.0
484015050,655,1855,2810.0
484015051,656,448,679.0
484015052,657,12633,2831.0
484015053,658,377,148.0
484015054,659,1333,1368.0
484015055,660,8946,13617.0
484015056,661,1983,265.0
484015057,662,3478,9348.0
484015058,663,152,201.0
484015059,664,583,692.0
484015060,665,2872,3237.0
484015061,666,2343,2630.0
484015062,667,189,1298.0
484015063,668,259,377.0
484015064,669,1723,828.0
484015065,670,241,1751.0
484015066,671,762,0.0
484015067,672,6050,5958.0
484015068,673,237,388.0
484015069,674,49,87.0
484015070,675,107,710.0
484015071,676,10891,11060.0
484015072,677,160,356.0
484015073,678,3015,806.0
484015074,679,340,546.0
484015075,680,506,522.0
484015076,681,461,365.0
484015077,682,1889,2332.0
484015078,683,5369,8562.0
484015079,684,7320,11301.0
484015080,685,32,111.0
484015081,686,371,577.0
484015082,687,6814,5997.0
484015083,688,913,1797.0
484015084,689,2516,568.0
484015085,690,2134,2764.0
484015086,691,69,110.0
484015087,692,4259,4253.0
484015088,693,398,1043.0
484015089,694,357,824.0
484015090,695,23,380.0
484015091,696,89,465.0
484015092,697,520,315.0
484015093,698,1298,1225.0
484015094,699,0,80.0
484015095,700,435,400.0
484015096,701,2182,2616.0
484015097,702,2677,1093.0
484015098,703,246,781.0
484015099,704,4062,4341.0
484015100,705,15823,16475.0
484015101,706,1018,1079.0
484015102,707,656,1945.0
484015103,708,1740,1587.0
484015104,709,2907,2846.0
484015105,710,674,1030.0
484015106,711,1274,2671.0
484015107,712,12773,9763.0
484015108,713,1232,600.0
484015109,714,202,125.0
484015110,715,2055,1279.0
484015111,716,3212,2660.0
484015112,717,4004,3375.0
484015113,718,2363,2618.0
484016001,719,517,502.0
484016002,720,2191,2025.0
484016003,721,7389,5349.0
484016004,722,15721,21381.0
484016005,723,168,844.0
484016006,724,9249,9028.0
484016007,725,250,442.0
484016008,726,1421,1515.0
484016009,727,1888,2128.0
484016010,728,995,884.0
484016011,729,1081,1364.0
484016012,730,2388,2023.0
484016013,731,595,921.0
484016014,732,1215,993.0
484016015,733,2363,1988.0
484016016,734,4142,5054.0
484016017,735,6295,7781.0
484016018,736,2408,1713.0
484016019,737,2862,3092.0
484016020,738,2233,2552.0
484016021,739,871,890.0
484016022,740,2815,3084.0
484016023,741,1241,1858.0
484016024,742,2283,1985.0
484016025,743,2751,2741.0
484016026,744,896,1002.0
484016027,745,2047,1663.0
484016028,746,480,592.0
484016029,747,2025,1732.0
484016030,748,4247,2387.0
484016031,749,1836,2232.0
484016032,750,2718,1212.0
484016033,751,7947,12722.0
484016034,752,2089,2746.0
484016035,753,1282,2492.0
484016036,754,1340,1672.0
484016037,755,5506,5901.0
484016038,756,944,728.0
484016039,757,731,2049.0
484016040,758,1645,1919.0
484016041,759,698,1203.0
484016042,760,5167,5362.0
484016043,761,754,1216.0
484016044,762,6186,4886.0
484016045,763,486,1352.0
484016046,764,3011,4522.0
484016047,765,1716,1262.0
484016048,766,1694,1606.0
484016049,767,7502,9264.0
484016050,768,1990,7084.0
484016051,769,46272,46461.0
484016052,770,1265,2520.0
484016053,771,4306,5098.0
484016054,772,2776,1978.0
484016055,773,724,639.0
484016056,774,1094,1846.0
484016057,775,1048,840.0
484016058,776,1972,464.0
484016059,777,2236,1452.0
484016060,778,2171,2499.0
484016061,779,1602,1709.0
484016062,780,2718,3130.0
484016063,781,4590,5081.0
484016064,782,6060,7075.0
484016065,783,2441,2945.0
484016066,784,1352,1342.0
484016067,785,12643,10899.0
484016068,786,997,1556.0
484016069,787,2212,2032.0
484016070,788,757,3147.0
484016071,789,1538,987.0
484016072,790,4214,2052.0
484016073,791,4729,4005.0
484016074,792,1160,1235.0
484016075,793,3798,1825.0
484016076,794,2726,6534.0
484016077,795,1169,1805.0
484016078,796,750,816.0
484016079,797,5332,6211.0
484016080,798,2176,1758.0
484016081,799,4134,3126.0
484016082,800,2730,2087.0
484016083,801,1696,1373.0
484016084,802,937,902.0
484016085,803,3940,3902.0
484016086,804,1916,1766.0
484016087,805,773,298.0
484016088,806,1040,376.0
484016089,807,1829,2340.0
484016090,808,1678,2480.0
484016091,809,221,684.0
484016092,810,1332,533.0
484016093,811,755,991.0
484016094,812,2121,3263.0
484016095,813,3505,3013.0
484016096,814,770,2240.0
484016097,815,562,1448.0
484016098,816,1034,1044.0
484016099,817,14617,14162.0
484016100,818,3086,4160.0
484016101,819,1787,2631.0
484016102,820,483,1869.0
484016103,821,1973,1563.0
484016104,822,4795,2773.0
484016105,823,11677,14674.0
484016106,824,344,342.0
484016107,825,4309,6806.0
484016108,826,923,1084.0
484016109,827,7410,10630.0
484017001,828,950,1504.0
484017002,829,921,1086.0
484017003,830,1366,1950.0
484017004,831,5666,5238.0
484017005,832,1128,291.0
484017006,833,8704,9015.0
484017007,834,22096,9180.0
484017008,835,2898,2448.0
484017009,836,9,300.0
484017010,837,1970,1923.0
484017011,838,4800,8523.0
484017012,839,2783,2271.0
484017013,840,1130,1452.0
484017014,841,365,623.0
484017015,842,2160,3343.0
484017016,843,491,921.0
484017017,844,3187,3660.0
484017018,845,6876,4703.0
484017019,846,5386,3794.0
484017020,847,3066,3136.0
484017021,848,751,665.0
484017022,849,1003,1786.0
484017023,850,3,22.0
484017024,851,5256,4074.0
484017025,852,2089,2234.0
484017026,853,600,474.0
484017027,854,400,361.0
484017028,855,2052,3309.0
484017029,856,7000,7274.0
484017030,857,1865,1861.0
484017031,858,2048,1696.0
484017032,859,1806,2406.0
484018001,860,2332,738.0
484018002,861,4482,2756.0
484018003,862,569,887.0
484018004,863,6729,10387.0
484018005,864,510,444.0
484018006,865,3850,1053.0
484018007,866,1402,2696.0
484018008,867,1736,3603.0
484018009,868,1331,901.0
484018010,869,1983,1648.0
484018011,870,1213,1805.0
484018012,871,734,1825.0
484018013,872,652,779.0
484018014,873,1779,1457.0
484018015,874,3668,12235.0
484018016,875,945,1082.0
484018017,876,17297,17672.0
484018018,877,1166,1633.0
484018019,878,181,396.0
484019001,879,91,20.0
484019002,880,6,6.0
484019003,881,57,16.0
484019004,882,409,544.0
484019005,883,753,990.0
484019006,884,5647,6521.0
484019007,885,174,231.0
484019008,886,4,84.0
484019009,887,1317,621.0
484019010,888,1049,95.0
484019011,889,809,258.0
484019012,890,456,186.0
484019013,891,406,48.0
484019014,892,1616,1267.0
484019015,893,0,25.0
484019016,894,0,51.0
484019017,895,655,498.0
484019018,896,1827,1226.0
484019019,897,2890,3842.0
484019020,898,6,18.0
484019021,899,4797,6019.0
484019022,900,224,432.0
484019023,901,0,47.0
484019024,902,173,40.0
484019025,903,219,370.0
484019026,904,7386,11060.0
484019027,905,0,18.0
484019028,906,0,38.0
484019029,907,112,282.0
484019030,908,0,2.0
484019031,909,5503,3623.0
484019032,910,81,148.0
484019033,911,1693,2490.0
484019034,912,1,76.0
484019035,913,2,48.0
484019036,914,904,350.0
484019037,915,364,88.0
484019038,916,1591,1500.0
484019039,917,16947,15138.0
484019040,918,0,9.0
484019041,919,115,0.0
484019042,920,0,36.0
484019043,921,3,14.0
484019044,922,1613,1128.0
484019045,923,281,278.0
484019046,924,5965,9231.0
484019047,925,398,138.0
484019048,926,1932,2676.0
484019049,927,475,840.0
484019050,928,0,7.0
484019051,929,0,69.0
484020001,930,200,313.0
484020002,931,2302,4153.0
484020003,932,58,11.0
484020004,933,156,173.0
484020005,934,297,417.0
484020006,935,675,784.0
484020007,936,157,559.0
484020008,937,5,21.0
484020009,938,1525,519.0
484020010,939,268,208.0
484020011,940,382,161.0
484020012,941,39,852.0
484020013,942,223,427.0
484020014,943,527,270.0
484020015,944,1317,1711.0
484020016,945,2609,2701.0
484020017,946,339,678.0
484020018,947,406,34.0
484020019,948,102,125.0
484020020,949,287,403.0
484020021,950,642,807.0
484020022,951,14,27.0
484020023,952,118,747.0
484020024,953,65,106.0
484020025,954,118,212.0
484020026,955,502,858.0
484020027,956,6,12.0
484020028,957,879,1701.0
484020029,958,26,7.0
484020030,959,562,57.0
484020031,960,398,1025.0
484020032,961,367,161.0
484020033,962,30,123.0
484020034,963,64,99.0
484020035,964,76,11.0
484020036,965,75,74.0
484020037,966,1396,1475.0
484020038,967,111,74.0
484020039,968,7157,6435.0
484020040,969,0,0.0
484020041,970,31,16.0
484020042,971,489,323.0
484020043,972,1187,901.0
484020044,973,2149,1537.0
484020045,974,774,336.0
484020046,975,72,363.0
484020047,976,2,10.0
484020048,977,345,217.0
484020049,978,97,117.0
484020050,979,586,551.0
484020051,980,1147,1128.0
484020052,981,749,694.0
484020053,982,48,0.0
484020054,983,39,16.0
484020055,984,297,516.0
484020056,985,103,30.0
484020057,986,627,647.0
484020058,987,128,43.0
484020059,988,1721,2237.0
484020060,989,240,355.0
484020061,990,414,425.0
484020062,991,13,40.0
484020063,992,123,149.0
484020064,993,748,900.0
484020065,994,135,232.0
484020066,995,163,78.0
484020067,996,9331,10765.0
484020068,997,1062,931.0
484020069,998,332,200.0
484020070,999,105,154.0
484020071,1000,481,170.0
484020072,1001,156,327.0
484020073,1002,3561,4308.0
484020074,1003,24,100.0
484020075,1004,108,42.0
484020076,1005,1132,775.0
484020077,1006,203,96.0
484020078,1007,131,52.0
484020079,1008,1822,2080.0
484020080,1009,7,46.0
484020081,1010,391,512.0
484020082,1011,621,826.0
484020083,1012,458,498.0
484020084,1013,572,199.0
484020085,1014,521,1632.0
484020086,1015,10,45.0
484020087,1016,578,328.0
484020088,1017,490,517.0
484020089,1018,85,203.0
484020090,1019,450,542.0
484020091,1020,256,194.0
484020092,1021,74,37.0
484020093,1022,8,18.0
484020094,1023,8,5.0
484020095,1024,213,283.0
484020096,1025,516,21.0
484020097,1026,71,98.0
484020098,1027,322,480.0
484020099,1028,255,92.0
484020100,1029,148,200.0
484020101,1030,123,123.0
484020102,1031,184,186.0
484020103,1032,180,109.0
484020104,1033,78,164.0
484020105,1034,243,907.0
484020106,1035,0,6.0
484020107,1036,1044,1027.0
484020108,1037,36,544.0
484020109,1038,552,264.0
484020110,1039,152,161.0
484020111,1040,226,406.0
484020112,1041,50,284.0
484020113,1042,181,599.0
484020114,1043,5,28.0
484020115,1044,157,200.0
484020116,1045,4,5.0
484020117,1046,202,217.0
484020118,1047,2775,936.0
484020119,1048,10,8.0
484020120,1049,6,2.0
484020121,1050,11,39.0
484020122,1051,4,16.0
484020123,1052,327,331.0
484020124,1053,107,176.0
484020125,1054,174,475.0
484020126,1055,153,794.0
484020127,1056,42,59.0
484020128,1057,117,154.0
484020129,1058,0,0.0
484020130,1059,280,110.0
484020131,1060,498,1567.0
484020132,1061,516,37.0
484020133,1062,132,199.0
484020134,1063,152,265.0
484020135,1064,335,896.0
484020136,1065,520,321.0
484020137,1066,220,185.0
484020138,1067,13,19.0
484020139,1068,127,89.0
484020140,1069,39,15.0
484020141,1070,418,99.0
484020142,1071,7,12.0
484020143,1072,14,83.0
484020144,1073,2,75.0
484020145,1074,332,186.0
484020146,1075,149,217.0
484020147,1076,12,0.0
484020148,1077,146,689.0
484020149,1078,123,74.0
484020150,1079,380,466.0
484020151,1080,6,10.0
484020152,1081,898,300.0
484020153,1082,234,212.0
484020154,1083,398,329.0
484020155,1084,31,55.0
484020156,1085,162,418.0
484020157,1086,299,472.0
484020158,1087,290,98.0
484020159,1088,1458,522.0
484020160,1089,149,129.0
484020161,1090,176,160.0
484020162,1091,33,179.0
484020163,1092,59,8.0
484020164,1093,296,970.0
484020165,1094,100,235.0
484020166,1095,814,954.0
484020167,1096,55,117.0
484020168,1097,195,72.0
484020169,1098,4,6.0
484020170,1099,215,275.0
484020171,1100,105,4.0
484020172,1101,0,6.0
484020173,1102,5,109.0
484020174,1103,347,333.0
484020175,1104,98,48.0
484020176,1105,687,480.0
484020177,1106,88,154.0
484020178,1107,146,121.0
484020179,1108,184,371.0
484020180,1109,23,4.0
484020181,1110,213,35.0
484020182,1111,169,216.0
484020183,1112,5325,6205.0
484020184,1113,443,142.0
484020185,1114,275,92.0
484020186,1115,75,138.0
484020187,1116,338,521.0
484020188,1117,112,203.0
484020189,1118,1462,1182.0
484020190,1119,8,19.0
484020191,1120,88,133.0
484020192,1121,298,204.0
484020193,1122,168,286.0
484020194,1123,29,56.0
484020195,1124,17,19.0
484020196,1125,192,216.0
484020197,1126,205,749.0
484020198,1127,111,85.0
484020199,1128,506,454.0
484020200,1129,15,205.0
484020201,1130,936,1433.0
484020202,1131,1194,652.0
484020203,1132,60,160.0
484020204,1133,2436,1447.0
484020205,1134,64,59.0
484020206,1135,1281,1940.0
484020207,1136,1250,1865.0
484020208,1137,86,101.0
484020209,1138,1233,1818.0
484020210,1139,10,139.0
484020211,1140,45,98.0
484020212,1141,3075,3333.0
484020213,1142,331,672.0
484020214,1143,109,12.0
484020215,1144,58,197.0
484020216,1145,93,160.0
484020217,1146,93,77.0
484020218,1147,130,151.0
484020219,1148,22,19.0
484020220,1149,12,19.0
484020221,1150,40,29.0
484020222,1151,265,75.0
484020223,1152,28,22.0
484020224,1153,112,260.0
484020225,1154,255,308.0
484020226,1155,283,389.0
484020227,1156,0,0.0
484020228,1157,686,1345.0
484020229,1158,94,139.0
484020230,1159,43,23.0
484020231,1160,974,1242.0
484020232,1161,1110,570.0
484020233,1162,9,3.0
484020234,1163,784,673.0
484020235,1164,13,98.0
484020236,1165,122,235.0
484020237,1166,49,99.0
484020238,1167,34,98.0
484020239,1168,1299,1365.0
484020240,1169,292,145.0
484020241,1170,6785,8820.0
484020242,1171,190,220.0
484020243,1172,34,29.0
484020244,1173,175,247.0
484020245,1174,29,30.0
484020246,1175,81,12.0
484020247,1176,75,124.0
484020248,1177,17,0.0
484020249,1178,17,29.0
484020250,1179,229,194.0
484020251,1180,69,282.0
484020252,1181,40,124.0
484020253,1182,229,309.0
484020254,1183,477,334.0
484020255,1184,6,0.0
484020256,1185,4,50.0
484020257,1186,0,24.0
484020258,1187,86,667.0
484020259,1188,934,604.0
484020260,1189,2554,1615.0
484020261,1190,535,149.0
484020262,1191,242,358.0
484020263,1192,677,528.0
484020264,1193,140,176.0
484020265,1194,250,740.0
484020266,1195,150,29.0
484020267,1196,285,55.0
484020268,1197,226,137.0
484020269,1198,11,41.0
484020270,1199,74,179.0
484020271,1200,2566,2435.0
484020272,1201,508,190.0
484020273,1202,35,27.0
484020274,1203,132,199.0
484020275,1204,117,45.0
484020276,1205,1623,1832.0
484020277,1206,343,590.0
484020278,1207,214,281.0
484020279,1208,74,166.0
484020280,1209,10,10.0
484020281,1210,114,66.0
484020282,1211,43,14.0
484020283,1212,377,75.0
484020284,1213,191,167.0
484020285,1214,562,637.0
484020286,1215,1,9.0
484020287,1216,51,54.0
484020288,1217,19,60.0
484020289,1218,397,266.0
484020290,1219,228,609.0
484020291,1220,168,353.0
484020292,1221,1005,543.0
484020293,1222,250,461.0
484020294,1223,334,996.0
484020295,1224,41,94.0
484020296,1225,771,1411.0
484020297,1226,45,590.0
484020298,1227,22,101.0
484020299,1228,335,202.0
484020300,1229,66,46.0
484020301,1230,209,252.0
484020302,1231,27,77.0
484020303,1232,11,11.0
484020304,1233,210,24.0
484020305,1234,610,519.0
484020306,1235,529,450.0
484020307,1236,69,102.0
484020308,1237,11,48.0
484020309,1238,135,452.0
484020310,1239,10,37.0
484020311,1240,119,757.0
484020312,1241,6,31.0
484020313,1242,328,298.0
484020314,1243,544,162.0
484020315,1244,51,119.0
484020316,1245,41,24.0
484020317,1246,753,2553.0
484020318,1247,206,36.0
484020319,1248,103,72.0
484020320,1249,45,82.0
484020321,1250,1,0.0
484020322,1251,18,26.0
484020323,1252,2032,4162.0
484020324,1253,90,1362.0
484020325,1254,157,757.0
484020326,1255,1158,160.0
484020327,1256,27,96.0
484020328,1257,107,122.0
484020329,1258,134,264.0
484020330,1259,39,35.0
484020331,1260,0,5.0
484020332,1261,63,121.0
484020333,1262,2677,5301.0
484020334,1263,48,25.0
484020335,1264,940,987.0
484020336,1265,953,154.0
484020337,1266,506,490.0
484020338,1267,278,246.0
484020339,1268,22,72.0
484020340,1269,13,11.0
484020341,1270,75,122.0
484020342,1271,215,163.0
484020343,1272,164,204.0
484020344,1273,226,265.0
484020345,1274,79,126.0
484020346,1275,94,301.0
484020347,1276,1210,1146.0
484020348,1277,650,298.0
484020349,1278,624,414.0
484020350,1279,487,530.0
484020351,1280,1233,728.0
484020352,1281,54,93.0
484020353,1282,211,0.0
484020354,1283,3,4.0
484020355,1284,325,397.0
484020356,1285,52,61.0
484020357,1286,90,249.0
484020358,1287,174,174.0
484020359,1288,190,474.0
484020360,1289,54,143.0
484020361,1290,25,18.0
484020362,1291,258,98.0
484020363,1292,1453,1167.0
484020364,1293,10,80.0
484020365,1294,246,345.0
484020366,1295,126,217.0
484020367,1296,377,171.0
484020368,1297,58,160.0
484020369,1298,70,11.0
484020370,1299,8,14.0
484020371,1300,162,304.0
484020372,1301,0,6.0
484020373,1302,8,10.0
484020374,1303,391,384.0
484020375,1304,83,14.0
484020376,1305,1189,1884.0
484020377,1306,142,568.0
484020378,1307,1275,363.0
484020379,1308,106,142.0
484020380,1309,1299,439.0
484020381,1310,23,90.0
484020382,1311,31,60.0
484020383,1312,997,739.0
484020384,1313,2130,2394.0
484020385,1314,2206,4115.0
484020386,1315,82,289.0
484020387,1316,576,683.0
484020388,1317,91,160.0
484020389,1318,854,1608.0
484020390,1319,335,302.0
484020391,1320,188,190.0
484020392,1321,749,649.0
484020393,1322,15,170.0
484020394,1323,29,160.0
484020395,1324,57,9.0
484020396,1325,4465,2511.0
484020397,1326,666,1324.0
484020398,1327,1105,1350.0
484020399,1328,947,1178.0
484020400,1329,561,840.0
484020401,1330,416,263.0
484020402,1331,156,52.0
484020403,1332,88,86.0
484020404,1333,121,392.0
484020405,1334,205,49.0
484020406,1335,665,714.0
484020407,1336,308,21.0
484020408,1337,247,267.0
484020409,1338,19,418.0
484020410,1339,389,146.0
484020411,1340,121,255.0
484020412,1341,2610,1795.0
484020413,1342,836,933.0
484020414,1343,465,582.0
484020415,1344,3,9.0
484020416,1345,1455,321.0
484020417,1346,815,735.0
484020418,1347,62,54.0
484020419,1348,205,343.0
484020420,1349,342,183.0
484020421,1350,12,2.0
484020422,1351,8,0.0
484020423,1352,89,270.0
484020424,1353,197,63.0
484020425,1354,701,473.0
484020426,1355,383,483.0
484020427,1356,16,93.0
484020428,1357,76,187.0
484020429,1358,0,0.0
484020430,1359,153,88.0
484020431,1360,320,136.0
484020432,1361,1292,2931.0
484020433,1362,269,24.0
484020434,1363,234,115.0
484020435,1364,12,37.0
484020436,1365,335,512.0
484020437,1366,66,53.0
484020438,1367,2559,3143.0
484020439,1368,97,157.0
484020440,1369,424,158.0
484020441,1370,26,34.0
484020442,1371,40,34.0
484020443,1372,7,43.0
484020444,1373,206,193.0
484020445,1374,1400,2164.0
484020446,1375,1457,3410.0
484020447,1376,455,200.0
484020448,1377,79,292.0
484020449,1378,685,1031.0
484020450,1379,2,25.0
484020451,1380,190,438.0
484020452,1381,28,105.0
484020453,1382,14,58.0
484020454,1383,272,299.0
484020455,1384,167,133.0
484020456,1385,210,269.0
484020457,1386,188,151.0
484020458,1387,22,261.0
484020459,1388,723,559.0
484020460,1389,6,39.0
484020461,1390,4,6.0
484020462,1391,79,21.0
484020463,1392,109,44.0
484020464,1393,233,761.0
484020465,1394,1063,1127.0
484020466,1395,2631,1670.0
484020467,1396,2631,1870.0
484020468,1397,169,94.0
484020469,1398,18,22.0
484020470,1399,179,18.0
484020471,1400,54,43.0
484020472,1401,484,211.0
484020473,1402,565,2606.0
484020474,1403,91,9.0
484020475,1404,249,196.0
484020476,1405,10,68.0
484020477,1406,70,0.0
484020478,1407,93,31.0
484020479,1408,155,80.0
484020480,1409,3236,3747.0
484020481,1410,167,243.0
484020482,1411,569,673.0
484020483,1412,1307,149.0
484020484,1413,145,32.0
484020485,1414,90,8.0
484020486,1415,0,0.0
484020487,1416,540,580.0
484020488,1417,11,10.0
484020489,1418,517,348.0
484020490,1419,152,69.0
484020491,1420,222,18.0
484020492,1421,128,300.0
484020493,1422,126,72.0
484020494,1423,44,38.0
484020495,1424,1633,2190.0
484020496,1425,1910,290.0
484020497,1426,395,46.0
484020498,1427,723,760.0
484020499,1428,77,126.0
484020500,1429,9,20.0
484020501,1430,21,18.0
484020502,1431,1159,459.0
484020503,1432,10,84.0
484020504,1433,79,155.0
484020505,1434,965,320.0
484020506,1435,11,23.0
484020507,1436,878,3133.0
484020508,1437,16,75.0
484020509,1438,186,24.0
484020510,1439,402,165.0
484020511,1440,531,390.0
484020512,1441,25,72.0
484020513,1442,1515,1923.0
484020514,1443,1935,855.0
484020515,1444,363,354.0
484020516,1445,80,6.0
484020517,1446,628,441.0
484020518,1447,486,1789.0
484020519,1448,0,13.0
484020520,1449,5,26.0
484020521,1450,157,38.0
484020522,1451,77,66.0
484020523,1452,59,24.0
484020524,1453,39,61.0
484020525,1454,212,248.0
484020526,1455,280,30.0
484020527,1456,199,286.0
484020528,1457,182,179.0
484020529,1458,1029,466.0
484020530,1459,192,102.0
484020531,1460,205,1292.0
484020532,1461,610,1045.0
484020533,1462,4,8.0
484020534,1463,716,1314.0
484020535,1464,95,89.0
484020536,1465,93,108.0
484020537,1466,551,302.0
484020538,1467,24,80.0
484020539,1468,27,101.0
484020540,1469,432,614.0
484020541,1470,380,397.0
484020542,1471,412,448.0
484020543,1472,34,51.0
484020544,1473,523,64.0
484020545,1474,2100,3209.0
484020546,1475,281,310.0
484020547,1476,2866,1498.0
484020548,1477,7,0.0
484020549,1478,757,701.0
484020550,1479,713,258.0
484020551,1480,135,175.0
484020552,1481,8,18.0
484020553,1482,102,20.0
484020554,1483,101,88.0
484020555,1484,2564,2291.0
484020556,1485,835,1189.0
484020557,1486,305,341.0
484020558,1487,10,18.0
484020559,1488,60,122.0
484020560,1489,3,11.0
484020561,1490,3442,2016.0
484020562,1491,934,96.0
484020563,1492,499,673.0
484020564,1493,569,315.0
484020565,1494,54,75.0
484020566,1495,1452,1672.0
484021001,1496,9919,4887.0
484021002,1497,381,446.0
484021003,1498,1604,4034.0
484021004,1499,1534,2655.0
484021005,1500,245,514.0
484021006,1501,436,512.0
484021007,1502,775,443.0
484021008,1503,160,192.0
484021009,1504,189,144.0
484021010,1505,1573,7542.0
484021011,1506,196,214.0
484021012,1507,800,484.0
484021013,1508,1521,1300.0
484021014,1509,240,441.0
484021015,1510,3339,2118.0
484021016,1511,158,450.0
484021017,1512,537,672.0
484021018,1513,33,242.0
484021019,1514,11952,13639.0
484021020,1515,153,160.0
484021021,1516,541,218.0
484021022,1517,2620,2670.0
484021023,1518,465,695.0
484021024,1519,141,87.0
484021025,1520,596,458.0
484021026,1521,1202,1368.0
484021027,1522,131,274.0
484021028,1523,47,16.0
484021029,1524,111,23.0
484021030,1525,45,161.0
484021031,1526,151,123.0
484021032,1527,141,126.0
484021033,1528,307,616.0
484021034,1529,2657,2416.0
484021035,1530,824,1045.0
484021036,1531,197,438.0
484021037,1532,226,123.0
484021038,1533,651,42.0
484021039,1534,163,397.0
484021040,1535,222,373.0
484021041,1536,3130,2677.0
484021042,1537,112,211.0
484021043,1538,618,526.0
484021044,1539,1644,1778.0
484021045,1540,1902,3021.0
484021046,1541,455,654.0
484021047,1542,2314,2078.0
484021048,1543,665,1612.0
484021049,1544,526,741.0
484021050,1545,2751,604.0
484021051,1546,5083,6668.0
484021052,1547,13,1.0
484021053,1548,3470,4145.0
484021054,1549,2068,435.0
484021055,1550,533,675.0
484021056,1551,147,180.0
484021057,1552,251,1615.0
484021058,1553,674,897.0
484021059,1554,197,170.0
484021060,1555,553,553.0
484021061,1556,376,348.0
484021062,1557,549,779.0
484021063,1558,1275,952.0
484021064,1559,167,168.0
484021065,1560,412,465.0
484021066,1561,603,639.0
484021067,1562,958,484.0
484021068,1563,167,351.0
484021069,1564,5227,5804.0
484021070,1565,173,200.0
484021071,1566,4171,3902.0
484021072,1567,30,43.0
484021073,1568,1058,1227.0
484021074,1569,3374,5618.0
484021075,1570,256,173.0
484021076,1571,1803,3661.0
484021077,1572,44,56.0
484021078,1573,77,51.0
484021079,1574,349,279.0
484021080,1575,22,11.0
484021081,1576,455,373.0
484021082,1577,481,713.0
484021083,1578,1437,2660.0
484021084,1579,35,6.0
484021085,1580,5733,7754.0
484021086,1581,320,692.0
484021087,1582,325,2058.0
484021088,1583,187,89.0
484021089,1584,563,1222.0
484021090,1585,1937,1910.0
484021091,1586,428,132.0
484021092,1587,232,530.0
484021093,1588,221,174.0
484021094,1589,541,2428.0
484021095,1590,19,0.0
484021096,1591,71,132.0
484021097,1592,241,123.0
484021098,1593,690,538.0
484021099,1594,356,2118.0
484021100,1595,1038,105.0
484021101,1596,35,166.0
484021102,1597,2934,1049.0
484021103,1598,1282,252.0
484021104,1599,585,665.0
484021105,1600,244,440.0
484021106,1601,1379,2305.0
484021107,1602,101,16.0
484021108,1603,82,88.0
484021109,1604,2443,2231.0
484021110,1605,1204,3312.0
484021111,1606,256,413.0
484021112,1607,545,1850.0
484021113,1608,461,780.0
484021114,1609,31277,62517.0
484021115,1610,1465,2443.0
484021116,1611,559,572.0
484021117,1612,770,332.0
484021118,1613,582,1226.0
484021119,1614,4646,3432.0
484021120,1615,516,448.0
484021121,1616,329,186.0
484021122,1617,704,1338.0
484021123,1618,139,133.0
484021124,1619,1638,1230.0
484021125,1620,538,286.0
484021126,1621,634,447.0
484021127,1622,154,334.0
484021128,1623,200,136.0
484021129,1624,1119,2621.0
484021130,1625,194,172.0
484021131,1626,36,14.0
484021132,1627,5684,5594.0
484021133,1628,351,160.0
484021134,1629,1422,1350.0
484021135,1630,6,12.0
484021136,1631,594,426.0
484021137,1632,445,188.0
484021138,1633,140,744.0
484021139,1634,326,496.0
484021140,1635,7257,8030.0
484021141,1636,427,459.0
484021142,1637,1027,1250.0
484021143,1638,2043,2389.0
484021144,1639,523,36.0
484021145,1640,164,75.0
484021146,1641,13,16.0
484021147,1642,436,818.0
484021148,1643,1961,795.0
484021149,1644,1254,1100.0
484021150,1645,359,414.0
484021151,1646,2311,690.0
484021152,1647,545,1206.0
484021153,1648,1174,1128.0
484021154,1649,2446,2990.0
484021155,1650,494,450.0
484021156,1651,15672,16942.0
484021157,1652,813,912.0
484021158,1653,416,567.0
484021159,1654,362,1037.0
484021160,1655,201,237.0
484021161,1656,2400,2614.0
484021162,1657,111,136.0
484021163,1658,1636,1020.0
484021164,1659,2322,4203.0
484021165,1660,571,221.0
484021166,1661,1985,1962.0
484021167,1662,513,690.0
484021168,1663,522,693.0
484021169,1664,1934,2408.0
484021170,1665,1914,320.0
484021171,1666,314,237.0
484021172,1667,946,1003.0
484021173,1668,626,384.0
484021174,1669,4290,4305.0
484021175,1670,1247,1651.0
484021176,1671,762,992.0
484021177,1672,6855,4184.0
484021178,1673,1047,807.0
484021179,1674,1635,1446.0
484021180,1675,2268,2789.0
484021181,1676,559,244.0
484021182,1677,809,136.0
484021183,1678,1703,1070.0
484021184,1679,710,624.0
484021185,1680,850,1531.0
484021186,1681,3663,5035.0
484021187,1682,530,162.0
484021188,1683,1367,1999.0
484021189,1684,1937,2632.0
484021190,1685,16,8.0
484021191,1686,1850,1674.0
484021192,1687,165,92.0
484021193,1688,98,660.0
484021194,1689,708,750.0
484021195,1690,3103,4126.0
484021196,1691,256,232.0
484021197,1692,1636,2259.0
484021198,1693,111,124.0
484021199,1694,3613,3388.0
484021200,1695,90,72.0
484021201,1696,619,738.0
484021202,1697,355,259.0
484021203,1698,532,530.0
484021204,1699,206,240.0
484021205,1700,780,2544.0
484021206,1701,663,767.0
484021207,1702,1480,3830.0
484021208,1703,5548,6030.0
484021209,1704,1611,865.0
484021210,1705,34,16.0
484021211,1706,731,666.0
484021212,1707,808,957.0
484021213,1708,796,1342.0
484021214,1709,960,1560.0
484021215,1710,109,187.0
484021216,1711,71,18.0
484021217,1712,1185,625.0
484022001,1713,7972,7929.0
484022002,1714,10395,6713.0
484022003,1715,3096,3064.0
484022004,1716,10269,10354.0
484022005,1717,11179,1290.0
484022006,1718,11350,5533.0
484022007,1719,3502,5001.0
484022008,1720,5701,15951.0
484022009,1721,6851,5214.0
484022010,1722,9176,8745.0
484022011,1723,1756,6121.0
484022012,1724,1590,2651.0
484022013,1725,2492,3426.0
484022014,1726,31747,35748.0
484022015,1727,5144,3040.0
484022016,1728,12631,11194.0
484022017,1729,684,3717.0
484022018,1730,3559,1908.0
484023001,1731,27198,19928.0
484024001,1732,1827,2526.0
484024002,1733,910,1422.0
484024003,1734,2812,3046.0
484024004,1735,1761,414.0
484024005,1736,4649,2159.0
484024006,1737,541,327.0
484024007,1738,4279,1808.0
484024008,1739,4848,3272.0
484024009,1740,0,123.0
484024010,1741,5280,6063.0
484024011,1742,4410,6037.0
484024012,1743,215,172.0
484024013,1744,2606,3475.0
484024014,1745,209,158.0
484024015,1746,528,605.0
484024016,1747,3831,4277.0
484024017,1748,774,3035.0
484024018,1749,356,237.0
484024019,1750,3451,1104.0
484024020,1751,7386,6399.0
484024021,1752,10420,4663.0
484024022,1753,2366,3203.0
484024023,1754,2207,2554.0
484024024,1755,8973,14402.0
484024025,1756,6009,6374.0
484024026,1757,24,52.0
484024027,1758,1713,1943.0
484024028,1759,22790,30177.0
484024029,1760,267,352.0
484024030,1761,1137,932.0
484024031,1762,1615,1471.0
484024032,1763,4186,6623.0
484024033,1764,2055,1176.0
484024034,1765,547,267.0
484024035,1766,7460,7799.0
484024036,1767,1075,3462.0
484024037,1768,2448,2710.0
484024038,1769,462,32.0
484024039,1770,286,264.0
484024040,1771,177,205.0
484024041,1772,766,352.0
484024042,1773,3207,1244.0
484024043,1774,1105,855.0
484024044,1775,1665,1825.0
484024045,1776,1709,973.0
484024046,1777,2078,1283.0
484024047,1778,389,469.0
484024048,1779,6960,4933.0
484024049,1780,1164,1993.0
484024050,1781,1340,2426.0
484024051,1782,419,1739.0
484024052,1783,448,308.0
484024053,1784,1919,2796.0
484024054,1785,2482,1708.0
484025001,1786,6274,10787.0
484025002,1787,462,352.0
484025003,1788,663,1412.0
484025004,1789,1417,433.0
484025005,1790,1459,877.0
484025006,1791,43281,23021.0
484025007,1792,2184,1754.0
484025008,1793,2952,1600.0
484025009,1794,1313,1778.0
484025010,1795,3327,2960.0
484025011,1796,8902,8748.0
484025012,1797,15384,7086.0
484025013,1798,2183,3635.0
484025014,1799,1746,624.0
484025015,1800,754,714.0
484025016,1801,8941,5978.0
484026001,1802,42,33.0
484026002,1803,1616,2587.0
484026003,1804,300,222.0
484026004,1805,213,138.0
484026005,1806,21,34.0
484026006,1807,11,36.0
484026007,1808,0,50.0
484026008,1809,0,4.0
484026009,1810,14,32.0
484026010,1811,0,54.0
484026011,1812,19,91.0
484026012,1813,1225,955.0
484026013,1814,0,28.0
484026014,1815,0,89.0
484026015,1816,0,60.0
484026016,1817,89,112.0
484026017,1818,1973,1546.0
484026018,1819,3519,9153.0
484026019,1820,1044,1460.0
484026020,1821,269,31.0
484026021,1822,0,0.0
484026022,1823,0,23.0
484026023,1824,157,188.0
484026024,1825,0,38.0
484026025,1826,4105,2357.0
484026026,1827,797,1439.0
484026027,1828,177,321.0
484026028,1829,0,29.0
484026029,1830,5189,3888.0
484026030,1831,22954,22191.0
484026031,1832,25,20.0
484026032,1833,0,20.0
484026033,1834,4023,398.0
484026034,1835,0,4.0
484026035,1836,528,418.0
484026036,1837,304,601.0
484026037,1838,0,25.0
484026038,1839,1019,178.0
484026039,1840,515,208.0
484026040,1841,33,17.0
484026041,1842,356,364.0
484026042,1843,2556,2864.0
484026043,1844,8685,9049.0
484026044,1845,0,5.0
484026045,1846,25,123.0
484026046,1847,0,25.0
484026047,1848,1777,93.0
484026048,1849,4508,1252.0
484026049,1850,0,17.0
484026050,1851,0,42.0
484026051,1852,30,34.0
484026052,1853,40,154.0
484026053,1854,0,0.0
484026054,1855,0,0.0
484026055,1856,5908,9810.0
484026056,1857,361,160.0
484026057,1858,3,28.0
484026058,1859,400,153.0
484026059,1860,40,25.0
484026060,1861,50,64.0
484026061,1862,64,33.0
484026062,1863,6,10.0
484026063,1864,0,30.0
484026064,1865,31,81.0
484026065,1866,69,8.0
484026066,1867,127,285.0
484026067,1868,22,62.0
484026068,1869,0,14.0
484026069,1870,87,56.0
484027001,1871,2334,2450.0
484027002,1872,4125,3471.0
484027003,1873,553,454.0
484027004,1874,9102,5550.0
484027005,1875,2139,3021.0
484027006,1876,1252,1377.0
484027007,1877,826,249.0
484027008,1878,6377,4723.0
484027009,1879,406,350.0
484027010,1880,721,1231.0
484027011,1881,162,80.0
484027012,1882,931,780.0
484027013,1883,508,1596.0
484027015,1884,515,793.0
484027016,1885,356,341.0
484027017,1886,1076,982.0
484028001,1887,577,525.0
484028002,1888,815,936.0
484028003,1889,4824,4594.0
484028004,1890,448,792.0
484028005,1891,503,323.0
484028006,1892,246,512.0
484028007,1893,130,720.0
484028008,1894,0,55.0
484028009,1895,3020,4196.0
484028010,1896,42,79.0
484028011,1897,562,660.0
484028012,1898,4420,4330.0
484028013,1899,381,127.0
484028014,1900,78,128.0
484028015,1901,18777,15815.0
484028016,1902,794,602.0
484028017,1903,915,629.0
484028018,1904,160,300.0
484028019,1905,97,500.0
484028020,1906,47,67.0
484028021,1907,4603,7830.0
484028022,1908,12134,9149.0
484028023,1909,312,122.0
484028024,1910,640,34.0
484028025,1911,3766,530.0
484028026,1912,301,130.0
484028027,1913,8239,8441.0
484028028,1914,289,391.0
484028029,1915,1380,1229.0
484028030,1916,450,132.0
484028031,1917,70,190.0
484028032,1918,175,226.0
484028033,1919,1301,1372.0
484028034,1920,54,8.0
484028035,1921,226,667.0
484028036,1922,6144,5356.0
484028037,1923,2908,2016.0
484028038,1924,3635,2463.0
484028039,1925,7052,10386.0
484028040,1926,90,129.0
484028041,1927,249,721.0
484029001,1928,946,381.0
484029002,1929,202,487.0
484029003,1930,1171,930.0
484029004,1931,158,696.0
484029005,1932,3335,4327.0
484029006,1933,1102,3206.0
484029007,1934,706,412.0
484029008,1935,301,286.0
484029009,1936,141,75.0
484029010,1937,3189,7442.0
484029011,1938,255,492.0
484029012,1939,687,570.0
484029013,1940,783,1800.0
484029014,1941,615,1676.0
484029015,1942,1006,2034.0
484029016,1943,110,134.0
484029017,1944,378,501.0
484029018,1945,443,1355.0
484029019,1946,1085,554.0
484029020,1947,303,1496.0
484029021,1948,269,1365.0
484029022,1949,469,1050.0
484029023,1950,588,1142.0
484029024,1951,232,1255.0
484029025,1952,2049,2244.0
484029026,1953,824,405.0
484029027,1954,1845,2187.0
484029028,1955,1463,1747.0
484029029,1956,1102,2687.0
484029030,1957,1258,1949.0
484029031,1958,516,1003.0
484029032,1959,6366,2190.0
484029033,1960,1166,1852.0
484029034,1961,360,471.0
484029035,1962,572,1181.0
484029036,1963,88,140.0
484029037,1964,767,914.0
484029038,1965,603,771.0
484029039,1966,1314,1212.0
484029040,1967,1011,1422.0
484029041,1968,818,748.0
484029042,1969,1109,1490.0
484029043,1970,3236,2982.0
484030001,1971,203,48.0
484030002,1972,288,68.0
484030003,1973,1457,987.0
484030004,1974,601,2935.0
484030005,1975,333,156.0
484030006,1976,910,776.0
484030007,1977,773,306.0
484030008,1978,1210,893.0
484030009,1979,1517,1543.0
484030010,1980,5580,6606.0
484030011,1981,868,1748.0
484030012,1982,228,144.0
484030013,1983,252,14.0
484030014,1984,1209,3039.0
484030015,1985,475,472.0
484030016,1986,478,288.0
484030017,1987,207,162.0
484030018,1988,537,197.0
484030019,1989,2785,1556.0
484030020,1990,223,565.0
484030021,1991,823,1290.0
484030022,1992,672,803.0
484030023,1993,2149,5640.0
484030024,1994,2083,1268.0
484030025,1995,1235,423.0
484030026,1996,940,570.0
484030027,1997,290,366.0
484030028,1998,2752,4818.0
484030029,1999,2229,1224.0
484030030,2000,1823,2170.0
484030031,2001,2352,1300.0
484030032,2002,1668,1609.0
484030033,2003,429,740.0
484030034,2004,238,106.0
484030035,2005,1215,230.0
484030036,2006,16,393.0
484030037,2007,153,348.0
484030038,2008,2543,2610.0
484030039,2009,5943,5791.0
484030040,2010,912,190.0
484030041,2011,22,94.0
484030042,2012,499,438.0
484030043,2013,2015,2441.0
484030044,2014,5795,5871.0
484030045,2015,4125,5850.0
484030046,2016,677,1332.0
484030047,2017,4565,5367.0
484030048,2018,2398,2539.0
484030049,2019,1252,313.0
484030050,2020,384,308.0
484030051,2021,1086,1564.0
484030052,2022,459,1145.0
484030053,2023,3543,2403.0
484030054,2024,879,417.0
484030055,2025,866,59.0
484030056,2026,218,12.0
484030057,2027,1278,1325.0
484030058,2028,742,341.0
484030059,2029,550,482.0
484030060,2030,247,16.0
484030061,2031,13868,13718.0
484030062,2032,741,932.0
484030063,2033,240,154.0
484030064,2034,22,36.0
484030065,2035,894,1431.0
484030066,2036,1230,1311.0
484030067,2037,110,42.0
484030068,2038,2358,2618.0
484030069,2039,1264,809.0
484030070,2040,1750,5620.0
484030071,2041,2454,3180.0
484030072,2042,1284,1136.0
484030073,2043,90,314.0
484030074,2044,623,357.0
484030075,2045,701,776.0
484030076,2046,2913,2372.0
484030077,2047,264,235.0
484030078,2048,514,81.0
484030079,2049,473,2894.0
484030080,2050,976,842.0
484030081,2051,3595,280.0
484030082,2052,766,672.0
484030083,2053,149,136.0
484030084,2054,685,4022.0
484030085,2055,1161,591.0
484030086,2056,7949,10520.0
484030087,2057,213,283.0
484030088,2058,1043,1233.0
484030089,2059,1129,136.0
484030090,2060,1065,390.0
484030091,2061,615,687.0
484030092,2062,1983,3950.0
484030093,2063,1145,1537.0
484030094,2064,88,41.0
484030095,2065,663,842.0
484030096,2066,11,0.0
484030097,2067,1579,1220.0
484030098,2068,895,247.0
484030099,2069,1780,3007.0
484030100,2070,5532,7331.0
484030101,2071,45,77.0
484030102,2072,1797,1751.0
484030103,2073,718,626.0
484030104,2074,110,182.0
484030105,2075,39,26.0
484030106,2076,1962,1999.0
484030107,2077,296,184.0
484030108,2078,854,1026.0
484030109,2079,569,964.0
484030110,2080,79,100.0
484030111,2081,605,316.0
484030112,2082,2018,2138.0
484030113,2083,338,354.0
484030114,2084,1447,1335.0
484030115,2085,3320,2407.0
484030116,2086,242,277.0
484030117,2087,286,175.0
484030118,2088,0,33.0
484030119,2089,147,254.0
484030120,2090,4280,5829.0
484030121,2091,5231,4832.0
484030122,2092,2084,1896.0
484030123,2093,459,1017.0
484030124,2094,2165,2784.0
484030125,2095,1975,1170.0
484030126,2096,325,100.0
484030127,2097,3690,5257.0
484030128,2098,3852,4324.0
484030129,2099,643,195.0
484030130,2100,449,719.0
484030131,2101,1107,1510.0
484030132,2102,437,295.0
484030133,2103,137,96.0
484030134,2104,147,158.0
484030135,2105,810,810.0
484030136,2106,294,100.0
484030137,2107,277,12.0
484030138,2108,2972,6126.0
484030139,2109,2091,3311.0
484030140,2110,1462,742.0
484030141,2111,363,337.0
484030142,2112,413,179.0
484030143,2113,1258,669.0
484030144,2114,1470,758.0
484030145,2115,198,107.0
484030146,2116,141,426.0
484030147,2117,48,156.0
484030148,2118,135,40.0
484030149,2119,436,50.0
484030150,2120,169,121.0
484030151,2121,415,105.0
484030152,2122,1389,644.0
484030153,2123,911,1325.0
484030154,2124,635,957.0
484030155,2125,3386,4090.0
484030156,2126,1686,1876.0
484030157,2127,1240,1287.0
484030158,2128,255,795.0
484030159,2129,310,575.0
484030160,2130,741,463.0
484030161,2131,436,612.0
484030162,2132,157,120.0
484030163,2133,2070,1698.0
484030164,2134,183,1210.0
484030165,2135,524,298.0
484030166,2136,3607,5255.0
484030167,2137,3570,6082.0
484030168,2138,1352,1129.0
484030169,2139,650,250.0
484030170,2140,99,189.0
484030171,2141,417,484.0
484030172,2142,309,473.0
484030173,2143,1524,1591.0
484030174,2144,1826,796.0
484030175,2145,487,428.0
484030176,2146,1791,4762.0
484030177,2147,1755,2026.0
484030178,2148,74,45.0
484030179,2149,218,336.0
484030180,2150,231,326.0
484030181,2151,970,1609.0
484030182,2152,1267,1324.0
484030183,2153,65,106.0
484030184,2154,887,1288.0
484030185,2155,566,833.0
484030186,2156,6531,7969.0
484030187,2157,192,222.0
484030188,2158,437,296.0
484030189,2159,896,1340.0
484030190,2160,881,1347.0
484030191,2161,648,954.0
484030192,2162,73,48.0
484030193,2163,1400,1926.0
484030194,2164,575,657.0
484030195,2165,53,140.0
484031001,2166,11,12.0
484031002,2167,0,20.0
484031003,2168,237,483.0
484031004,2169,0,2.0
484031005,2170,0,8.0
484031006,2171,137,618.0
484031007,2172,8,0.0
484031008,2173,194,14.0
484031009,2174,221,270.0
484031010,2175,17,16.0
484031011,2176,2698,44.0
484031012,2177,249,339.0
484031013,2178,137,60.0
484031014,2179,2,0.0
484031015,2180,420,5.0
484031016,2181,134,103.0
484031017,2182,402,6.0
484031018,2183,219,198.0
484031019,2184,182,0.0
484031020,2185,0,11.0
484031021,2186,48,0.0
484031022,2187,268,4.0
484031023,2188,87,0.0
484031024,2189,112,325.0
484031025,2190,421,425.0
484031026,2191,0,26.0
484031027,2192,39,66.0
484031028,2193,5,4.0
484031029,2194,43,24.0
484031030,2195,27,0.0
484031031,2196,18,60.0
484031032,2197,492,0.0
484031033,2198,89,28.0
484031034,2199,0,0.0
484031035,2200,5,68.0
484031036,2201,95,10.0
484031037,2202,0,56.0
484031038,2203,264,644.0
484031039,2204,0,0.0
484031040,2205,41,198.0
484031041,2206,943,783.0
484031042,2207,11,114.0
484031043,2208,198,16.0
484031044,2209,54,95.0
484031045,2210,0,0.0
484031046,2211,468,553.0
484031047,2212,375,299.0
484031048,2213,511,32.0
484031049,2214,0,85.0
484031050,2215,9675,10211.0
484031051,2216,0,17.0
484031052,2217,403,357.0
484031053,2218,239,1296.0
484031054,2219,0,19.0
484031055,2220,38,16.0
484031056,2221,3829,5462.0
484031057,2222,163,4.0
484031058,2223,1519,1199.0
484031059,2224,503,552.0
484031060,2225,17,0.0
484031061,2226,23,32.0
484031062,2227,148,24.0
484031063,2228,20,11.0
484031064,2229,0,0.0
484031065,2230,0,0.0
484031066,2231,417,614.0
484031067,2232,229,0.0
484031068,2233,0,12.0
484031069,2234,29,84.0
484031070,2235,103,61.0
484031071,2236,25,0.0
484031072,2237,11,4.0
484031073,2238,63,136.0
484031074,2239,0,10.0
484031075,2240,99,186.0
484031076,2241,474,0.0
484031077,2242,37,0.0
484031078,2243,12,9.0
484031079,2244,929,1962.0
484031080,2245,52,447.0
484031081,2246,0,0.0
484031082,2247,0,34.0
484031083,2248,0,11.0
484031084,2249,24,44.0
484031085,2250,0,104.0
484031086,2251,0,7.0
484031087,2252,102,492.0
484031088,2253,18,0.0
484031089,2254,1650,1707.0
484031090,2255,25,52.0
484031091,2256,202,0.0
484031092,2257,124,0.0
484031093,2258,236,24.0
484031094,2259,230,118.0
484031095,2260,0,0.0
484031096,2261,1040,128.0
484031097,2262,43,110.0
484031098,2263,583,154.0
484031099,2264,99,0.0
484031100,2265,0,14.0
484031101,2266,1641,408.0
484031102,2267,23,90.0
484031103,2268,66,4.0
484031104,2269,186,33.0
484031105,2270,293,8.0
484031106,2271,0,11.0
484032001,2272,856,1238.0
484032002,2273,1019,919.0
484032003,2274,191,267.0
484032004,2275,421,1808.0
484032005,2276,2551,2020.0
484032006,2277,1022,558.0
484032007,2278,290,280.0
484032008,2279,388,406.0
484032009,2280,943,1463.0
484032010,2281,14620,13945.0
484032011,2282,398,702.0
484032012,2283,591,466.0
484032013,2284,5134,4126.0
484032014,2285,92,133.0
484032015,2286,3626,3066.0
484032016,2287,11578,7941.0
484032017,2288,665,714.0
484032018,2289,1086,1789.0
484032019,2290,3615,6039.0
484032020,2291,1216,360.0
484032021,2292,2894,2790.0
484032022,2293,3734,2160.0
484032023,2294,8704,3627.0
484032024,2295,958,417.0
484032025,2296,922,444.0
484032026,2297,487,82.0
484032027,2298,179,482.0
484032028,2299,3588,2769.0
484032029,2300,241,439.0
484032030,2301,824,974.0
484032031,2302,708,771.0
484032032,2303,84,614.0
484032033,2304,5760,5542.0
484032034,2305,767,1199.0
484032035,2306,4292,3558.0
484032036,2307,733,760.0
484032037,2308,4507,10274.0
484032038,2309,5679,9365.0
484032039,2310,2836,4376.0
484032040,2311,1931,6421.0
484032041,2312,210,223.0
484032042,2313,2335,1918.0
484032043,2314,751,1551.0
484032044,2315,457,717.0
484032045,2316,2544,2856.0
484032046,2317,913,5722.0
484032047,2318,941,1256.0
484032048,2319,1336,2824.0
484032049,2320,1581,2487.0
484032050,2321,760,2024.0
484032051,2322,1853,3084.0
484032052,2323,865,2919.0
484032053,2324,2850,2119.0
